Model,Accuracy,F1-Score,ROC-AUC,Precision,Recall,Time(s)
Stacking (3 Models | Meta:LR),0.9269722814498934,0.931028696089948,0.9808409736790827,0.9182389937106918,0.9441797140912185,6.01
Stacking (5 Models | Meta:LR),0.9269722814498934,0.9307731177362304,0.9810686024177485,0.9213071023674558,0.9404356705241661,29.91
XGBoost (Tuned),0.9253731343283582,0.9295065458207452,0.9803994447832656,0.916887417218543,0.9424778761061947,0.46
LightGBM (Tuned),0.9244847192608386,0.9287510477787091,0.9801639711408768,0.9150974562272878,0.9428182437031994,0.52
RandomForest (Tuned),0.9196872778962332,0.9244652406417112,0.9770907301074752,0.9080761654629022,0.9414567733151804,0.73
Stacking (5 Models | Meta:XGB),0.9136460554371002,0.9176829268292683,0.9773750446020736,0.9133513149022252,0.9220558202859088,27.91
MLP (Tuned),0.9008528784648188,0.9051987767584098,0.9634385731385435,0.903663500678426,0.9067392784206944,14.31
Linear Regression (Tuned),0.6325515280739161,0.6598684210526315,0.680845402253765,0.6384468491406747,0.6827773995915589,1.09
